CN,AA,RA,PA,JA,SA,SO,HPI,HDI,LLHN,CAR,CH2_L2,CH2_L3,DAGI,DALI,inDAGI,inDALI,PALI,PAGI,CN_DAGI_0.2_0.8,CN_DALI_0.2_0.8,CN_inDAGI_0.2_0.8,CN_inDALI_0.2_0.8,CN_PALI_0.2_0.8,CN_PAGI_0.2_0.8,CN_DAGI_0.4_0.6,CN_DALI_0.4_0.6,CN_inDAGI_0.4_0.6,CN_inDALI_0.4_0.6,CN_PALI_0.4_0.6,CN_PAGI_0.4_0.6,CN_DAGI_0.6_0.4,CN_DALI_0.6_0.4,CN_inDAGI_0.6_0.4,CN_inDALI_0.6_0.4,CN_PALI_0.6_0.4,CN_PAGI_0.6_0.4,CN_DAGI_0.8_0.2,CN_DALI_0.8_0.2,CN_inDAGI_0.8_0.2,CN_inDALI_0.8_0.2,CN_PALI_0.8_0.2,CN_PAGI_0.8_0.2
0.41006135537966415,0.5330381364739233,0.538166611663047,0.006936653621418742,0.4367540213272466,0.4435631122374251,0.4367540213272466,0.22992606201833088,0.4332477138599173,0.21924970214740366,0.44467440472240183,0.5180150906869371,0.3513354037690712,0.0028586471931983178,0.003159917197016851,0.004232075110391214,0.0027728673223500495,0.0037964611312246445,0.0069348363508148865,0.02023176472889006,0.03394162473378809,0.13072689507631816,0.003333595659593352,0.015792699016295684,0.014961704512521486,0.144171066279246,0.28642793337741324,0.1883008289229304,0.004319466092815556,0.12027681123410455,0.047593940948625305,0.39758983109305607,0.43694453270322403,0.3514244933847607,0.006264528402895495,0.38435462685575134,0.211088829993778,0.44178141040926355,0.4559332154009479,0.4497083486863454,0.012052334617311596,0.45251248744619105,0.4124859564371701
0.4239416883382342,0.5751679591659375,0.587560671337677,0.006580191398229845,0.406088867579843,0.41468669822535653,0.406088867579843,0.23853093243254442,0.381789448061063,0.21988555811899513,0.4811043875920243,0.5523259968468509,0.3645526111403381,0.002870969882653283,0.0032977021748683355,0.002877444603817215,0.0025283185890626124,0.0034377938264744303,0.006565957191209983,0.013898718840164699,0.044979706900480386,0.08151071587195213,0.003138067710916268,0.014801880120111927,0.014390350340950007,0.22173112280758814,0.3197348931253534,0.123372561796783,0.004210330518426774,0.11607038106964424,0.04453009939803407,0.4196087107327075,0.46039686808728925,0.3209973399730072,0.006348314372136257,0.39425602252029823,0.1999741901021465,0.4620175147026721,0.4738830013654078,0.45542568453427373,0.012863997395381813,0.466479468304098,0.41549707263845953
0.4300932439475696,0.5843109452984774,0.5892847770165267,0.006656186541475464,0.42425880751264566,0.43390601914683175,0.42425880751264566,0.24238150317738,0.40715224770468034,0.27961089685436513,0.4600052101391249,0.5580766327876849,0.36485789063453306,0.003062482109584203,0.0034596496348685657,0.0027414802004641597,0.002363928381270662,0.0036565735959834867,0.006663884799760749,0.018533406051500896,0.04140255486859693,0.09817544972811121,0.002915377217326714,0.01575244084638676,0.013981258512043251,0.18316571226783881,0.3156430625823094,0.15008315892691934,0.003889269214337902,0.1202203474167762,0.041316583061645165,0.4140976724032314,0.46482847646254505,0.34597738621927565,0.005796274141344758,0.39720109030380923,0.18752494535837125,0.4696373581710646,0.4846323797461299,0.465874789535441,0.011544364635828978,0.47793377928277003,0.41731580635733506
0.40953252185091715,0.5507683681735783,0.5685957997100506,0.007301398572953256,0.38424269291246643,0.38628791103775495,0.38424269291246643,0.2071350350248418,0.36981396436397984,0.23426118056639528,0.4600656161817807,0.5429960391159574,0.36152091663098435,0.0029881560067653375,0.0031373091928268895,0.003350807109653071,0.002463634985373191,0.00428959505936782,0.007306423014258334,0.013251415707509255,0.04224934624666473,0.08923433756814145,0.003032956806347637,0.01686569613504339,0.015560658817796889,0.1933078990166842,0.31146183040810527,0.14897169325962445,0.00400762056136194,0.11987892263941294,0.04936576181152805,0.39374808150495605,0.43600196974163324,0.3443523357849076,0.00593833504436125,0.3883581255253805,0.20975329937577128,0.4454229058602448,0.4566625007177048,0.44561547281668146,0.011707943168912976,0.4553522603294273,0.40537550554811075
0.4442407005793183,0.5938106714635352,0.612599332406545,0.007336636751012795,0.4151869795693044,0.4221477800215993,0.4151869795693044,0.25698344291000497,0.38197488997053824,0.24897000164701008,0.48425366626268973,0.5761134967953152,0.3701402907549797,0.002991791309834986,0.003661764994841987,0.0033133292285102175,0.002615879218591552,0.003941915047071898,0.007333762039008356,0.025936670789779813,0.04952258272738692,0.11555452329295902,0.003224928735794867,0.017550088887770043,0.015688422527299687,0.19008947397890288,0.3552723744566286,0.16163399418457566,0.004296540959735272,0.1541353310575668,0.04841833506065586,0.4412392531029594,0.49092697087411963,0.35567856352608146,0.00641710128607462,0.43516524467045364,0.20778248816357073,0.4883577775859162,0.5038161027941449,0.4832972501524466,0.012653477029197249,0.49668848334858173,0.4364739020017553
0.42632336469135756,0.5571898831503344,0.5592475212024327,0.007361153145815523,0.40146569807581073,0.40692323289171506,0.40146569807581073,0.24164577735264303,0.38273873881188064,0.23057880593331276,0.44041473066669473,0.5286095488603373,0.34591698144532596,0.0029566732561028333,0.0035011471757687472,0.002892877514807424,0.0024656112167768555,0.004358361649075906,0.007361153145815523,0.014138407371318128,0.031087671510445395,0.10045853809403718,0.003054057693147255,0.018046414833442104,0.015517948002445395,0.15508172149430155,0.29941482551127563,0.15648611608073382,0.004092111054464112,0.12388493951326265,0.0464895026298311,0.41508120968168793,0.4638202923081787,0.36899125545628275,0.0061508972372864065,0.3975483401012609,0.2028997290138356,0.4643346096982468,0.48294137357841055,0.4686394490025482,0.0122816095740199,0.4729949049877283,0.4249190702226491
0.40755957817332533,0.5442046929685349,0.5620670931819601,0.007478212844831426,0.38731858033467415,0.3940090561628228,0.38731858033467415,0.24716515134574424,0.3706331456797386,0.24336248067549596,0.4492648814141136,0.5309744049523625,0.3294968342961715,0.002953516904469322,0.003188602713297348,0.0027073086333483046,0.0028009658773356645,0.004027644415726883,0.00748705492708906,0.023560726239796465,0.05012820269391286,0.07094855802057619,0.00338356076588078,0.017294606842599175,0.015944553859975442,0.21324236608306654,0.30104291582201587,0.12840762863498975,0.0044146699682157,0.0855076864218714,0.04991084090762191,0.4073913352770967,0.4429236595726222,0.32250953203812727,0.006455640967039515,0.35049412395463614,0.20947936005879833,0.44662224659211175,0.4616896626581097,0.4432007654549234,0.012434645780420231,0.454683491297892,0.40291572744719956
0.45051031956214593,0.5754303909875342,0.572528815439735,0.008257429622993041,0.37592068206095197,0.3774590191191482,0.37592068206095197,0.21920865955437432,0.371032718336249,0.26993365606069963,0.4778997929450999,0.5512465126793531,0.38392767898473457,0.003139368985711992,0.003552133201054117,0.002759866548050592,0.002635403495693709,0.0040688719262453495,0.008262407836230938,0.017594677423057255,0.05185024210327695,0.09418109166381586,0.0031838326551145756,0.0179439901067227,0.01846975532276881,0.2218780295556195,0.36887436150895586,0.15196088933349772,0.004158006157700476,0.12952988230722537,0.06470415338655482,0.4623126505853645,0.49849844918425834,0.3507812035382991,0.006083296235476302,0.42718407294078425,0.2502471663544491,0.4994675357031543,0.5141723951873195,0.4761396865032347,0.011830268850293348,0.5072667342069938,0.466654018454315
0.4589796915849797,0.5929234045796398,0.5963043562419597,0.007971646521591692,0.4183658804910404,0.4192858658502368,0.4183658804910404,0.23064846853164409,0.3990101097257608,0.23838689770071675,0.5009058849835222,0.5816752103774412,0.3904732565706478,0.0028876613810081627,0.003713760157197067,0.0032763678227734987,0.002622040295955139,0.004111829644362499,0.00795762791246837,0.011110783146380176,0.0447060316789222,0.13360486181237477,0.0032041433220316553,0.017666908510161082,0.01699785908262988,0.2005258931164456,0.3516693361682755,0.18534392989292417,0.004247081170253355,0.1319872628599441,0.05279936817882061,0.45714846033960743,0.5003719361888082,0.3739694095172289,0.006318132944416462,0.4372417450995594,0.23083766863290306,0.500877137919698,0.5169364783670809,0.4987080311364222,0.012434014809630647,0.5103659330282496,0.4684577183608414
0.41412740873043563,0.5566145795334924,0.5695442414015398,0.006273564809518725,0.42666357253159887,0.4357275248415535,0.42666357253159887,0.2481496148546943,0.40830588009110047,0.22337266169550443,0.4247030846334955,0.5309735550406132,0.32843332427829336,0.0031139562003883216,0.003417291028843197,0.002626682246414248,0.0022065540532098865,0.003936168235995753,0.006278333408069782,0.010691499891819108,0.029491570646517994,0.05177643614056127,0.0027476618492384306,0.018121963789518067,0.013539757371005191,0.2050009343734337,0.34936826110880687,0.11691061817649026,0.0036776317374224085,0.11924155766282192,0.04401684570865292,0.41283547018441913,0.4592320409840387,0.31678923998717373,0.005536598108896283,0.38542000793937314,0.18919094030292333,0.46001826804499496,0.47689403410446013,0.4380142351633181,0.011237989088965943,0.45192778650267784,0.39823874620867644
0.4517094528759049,0.5656675532340317,0.5562898591335718,0.0072242180600121005,0.412647838471399,0.41788299821383096,0.412647838471399,0.21927194930605906,0.39479021992107266,0.22289127298948092,0.5063455185256445,0.5706163190142195,0.38532349803193244,0.0027984346140473124,0.0031767560459207552,0.003248628806682909,0.0025526401734994727,0.003713722401786859,0.007225470582789578,0.030052705430950753,0.05967913102527188,0.11865015694400566,0.0031477261928437366,0.015947253202069585,0.015501928728989034,0.2113731885009278,0.35585718494887736,0.17268763175317295,0.004209923116794233,0.13520151164457853,0.05232810953390876,0.443287739816259,0.48562838075585785,0.373205233375051,0.00630791229115781,0.431083780922065,0.21318441200942867,0.4914485974702577,0.5039627207078748,0.4924653728256543,0.012343156880247484,0.49312484974077736,0.4497089818714395
0.40241360089512707,0.538934554632077,0.5512198792216628,0.0063068313539197535,0.37459594546842306,0.3844351141168523,0.37459594546842306,0.23826170657286866,0.3520505757897244,0.25242486427019006,0.4258922321190166,0.5188638496718352,0.31604301302456866,0.0030178441122985637,0.003974466547774301,0.0026615686528333542,0.0023625618277709997,0.0037379390369589936,0.006309430141085613,0.017646022383747226,0.03623101424465056,0.07631300315726787,0.002911357736385024,0.01594156914729396,0.013316911574682129,0.14950473950668958,0.33612468045109445,0.13653823522368735,0.003871239091942537,0.13361430915693248,0.04117621313230579,0.4011801951349022,0.449814655646554,0.31846127073365216,0.0057824805860842345,0.39839848935337263,0.18873364651343869,0.4430742118805167,0.45974299128580537,0.4310869951576092,0.01143563889641656,0.4514871610621596,0.4015586280444919
0.4403344466312832,0.5514365744953145,0.5343058302962107,0.0073525723694602965,0.3959649679376241,0.3960613268051713,0.3959649679376241,0.2194357773333847,0.38504475077509653,0.24825044047625933,0.47343485617867637,0.5462166733524525,0.34304467240488284,0.003380182181165068,0.0034887142427164623,0.0027872135862121797,0.0025345856879718503,0.0039747298900743265,0.007355010693649994,0.015723293656217406,0.05623846936234341,0.09385291216041881,0.003115392042522619,0.014641048786539686,0.015464147064305753,0.21591741565920394,0.33187526450743476,0.13984096705867743,0.004142338880156322,0.09560718704000255,0.05093519257685851,0.44523708587320854,0.4789636692987996,0.3578093129961479,0.006156945849959105,0.3768469253093402,0.21300383373978798,0.4832007582668352,0.4968676042887579,0.46888035694175473,0.01204198213914571,0.47316427438515213,0.4273306365614396
0.4813244468423492,0.631890779255255,0.648648641505843,0.009395708279347752,0.415277274746054,0.4114254692191398,0.415277274746054,0.2430148667423662,0.4125898521128014,0.2704341704532069,0.5056808809581567,0.5947349346255734,0.40463868559395255,0.0031587641870835168,0.003797360971920424,0.0035845909314143254,0.0026113495638027235,0.0051455954302696005,0.009402312256502923,0.020487828673468544,0.053098044562133,0.13990930055245626,0.0031990185979965174,0.024069808499511736,0.02134279363798315,0.267192047351364,0.4136624264892218,0.20437976798544655,0.004266001403714314,0.1846208161080477,0.07280126440987585,0.4930514547259043,0.5337494721917188,0.4168753364120441,0.00638998662946697,0.48607870382337803,0.3063752160909562,0.5265532809411686,0.5445480381675671,0.5252711314102299,0.012865948602278852,0.5426059830594745,0.5013129170204246
0.43894655660999404,0.587120634506334,0.5963952958601936,0.007069535409541631,0.3955118059100357,0.39710165113917095,0.3955118059100357,0.23695100277920494,0.37562587548881077,0.24410057714549344,0.4728525937380375,0.5694283024594562,0.3576897394046001,0.002916351814168068,0.0033413103570678116,0.0030628675353958964,0.0025931846930816785,0.004310909249685787,0.0070711389393118,0.015331660398534166,0.050497169163816136,0.10590608630634192,0.003202821504022227,0.018089880827922143,0.014672631708172724,0.1854047924645303,0.3159327422492113,0.16140951494747105,0.004271273419454151,0.12974292533658657,0.04507807545834437,0.4131609158733599,0.4738891455596397,0.3676052072137099,0.006342723192673512,0.406168823530992,0.187183167141869,0.47454602115662137,0.49242525844771307,0.492563648302177,0.012308639303334638,0.4916969838519326,0.42753972944610097
0.36378017439838994,0.48417480672455715,0.5034938255041577,0.005514243076095609,0.345633090171093,0.3460938268775572,0.345633090171093,0.19016196024618154,0.33717264329452584,0.1804195956734006,0.3909150414511541,0.47085748080286305,0.29563140989780295,0.003108345078918272,0.0041309300387513065,0.00282207126560725,0.002299279798029037,0.0034944229966111296,0.005514625381831596,0.014765554612556077,0.03453247970394201,0.07003001450789284,0.0027649006603841816,0.014921279943270405,0.010990391044549491,0.11802393897666406,0.2904647182541474,0.12489042026392891,0.0035874659748534633,0.1285582127505932,0.03208180160738206,0.33582549174291715,0.39924276432176287,0.298041690635813,0.005215747798200576,0.3511514904205078,0.146014131455656,0.3966015009391245,0.4131841948674768,0.39788212422451935,0.01016246488650277,0.4059362505520579,0.3527682950155064
0.47695606534543883,0.6060438351599577,0.6126463050639372,0.008020564432378722,0.4255585570849194,0.4301801534866082,0.4255585570849194,0.24296834348222668,0.41047841455702466,0.27003019932880834,0.5427317374203292,0.6070533114205994,0.4034004975295737,0.0029775513894522566,0.0032173762843310046,0.0031309731254457345,0.002505990592350192,0.004172015923949911,0.008024180480379122,0.02082295005022315,0.03362581463724716,0.09161974933503948,0.0031341614055924484,0.018090831229807477,0.017701519620810506,0.17843185894155722,0.3581676498487699,0.14924106194978948,0.0042463036842098215,0.14277801924183736,0.05512742419326133,0.4775096922504444,0.5286204931507293,0.3518072189458471,0.006490780645294429,0.4608607662186378,0.24226560159876015,0.5261547326624256,0.5416324645809241,0.5071186824304021,0.013285970438249254,0.5328235042421983,0.4839110209665774
0.4272633674553795,0.5536018816558589,0.5683891797735252,0.00710780009735763,0.38742310711474354,0.39065235132740117,0.38742310711474354,0.21947603056531173,0.37459596310859844,0.25236634591041235,0.4704749604240016,0.544064866882013,0.3457087945612157,0.0032395920788001412,0.004100081990431124,0.0031055345875730844,0.002423922122726436,0.0036037389381428004,0.007107196659795622,0.020678575846534243,0.05474896107686105,0.09972309426516995,0.002990071776417588,0.016684981520329635,0.01506512031128316,0.20950217370915147,0.35618957252638667,0.15478550606406463,0.003961767128323183,0.1632177394751486,0.04954147714284336,0.430678765947107,0.46856888276675535,0.3535422467598758,0.005830893325751501,0.42176594327818856,0.2291122743189122,0.46726771555699786,0.48219411804529744,0.4663486035819769,0.011330136004062007,0.47408546542904767,0.42816099029447924
0.4399489568041069,0.5910470775502998,0.6067789532532022,0.007728398996926591,0.38738137446294313,0.38361538747141866,0.38738137446294313,0.22364695308647217,0.38641165574890035,0.24834513354609558,0.47786958894232406,0.5665676715481901,0.3789694456052126,0.0026116874900814577,0.002862314905236034,0.0030857375248808734,0.002651021126650806,0.004407046134005771,0.007732209616653912,0.010882524902614647,0.021905946691334343,0.10427078365271757,0.003267602523517803,0.01649256381239316,0.01659116021190493,0.1532727730197022,0.26579822703598505,0.16261670404455775,0.0043256727294377195,0.10477801937347679,0.050599850263362035,0.4075555428106401,0.4571553338336,0.3746968748404776,0.006404063163298495,0.39933449048831804,0.217395478811906,0.47312411030857526,0.4888475591776258,0.4830158360556227,0.012454827750080177,0.4898301862358526,0.44260432708759834
0.3921132256829029,0.5530985988151393,0.5910511683862365,0.005656934909064257,0.4379360024091889,0.4456028423046935,0.4379360024091889,0.2530519185863844,0.41685147280080653,0.22900313224443034,0.45887381776000913,0.5409258704831769,0.2988586742275699,0.002712916453342301,0.003752012102920993,0.0030484064885188218,0.0024649878032947294,0.0037217570296955013,0.005663241316513287,0.013795473663509483,0.027429367704925215,0.09479927901689059,0.0030298212531732417,0.01492895683281855,0.011385844961950123,0.09924539968513298,0.2799367793735767,0.15028445852395977,0.004019700438329972,0.11563787900532477,0.032536951189065626,0.3530650769644727,0.4270305561104497,0.34152036131704105,0.005970671152221479,0.37432895264301597,0.14158035658471158,0.4230336087052824,0.44303547863500553,0.441405618003789,0.011675443631072917,0.43949179175408,0.37184756631407256
0.4195115960512926,0.5861356807378741,0.6288806594208376,0.006620760574684638,0.4491389234079153,0.45306141787687587,0.4491389234079153,0.24095931833174172,0.4214299878555924,0.22165362649958092,0.4841242067175718,0.5735078329689165,0.3538699169476315,0.002627595949653282,0.002896322027154993,0.003262978703157286,0.002481847995299492,0.003863204303062623,0.006618997307227977,0.020267913277763155,0.037173374816045435,0.10966479961543726,0.0031028513230013156,0.0161169738319548,0.014274335090035551,0.17481585188179838,0.3115533190593587,0.17237443760800072,0.004160524841595759,0.10747876010147957,0.04560813088039287,0.40475019345455,0.45162911977906983,0.3565477543465045,0.006172222343576615,0.38051115431135046,0.19089359738989742,0.4552078469680155,0.4695584573919197,0.4613640210306278,0.01212321383469667,0.4625931838088298,0.40622663568374356
0.42764297268587204,0.5482015018081683,0.566139446308006,0.006899874475220614,0.39830630370766096,0.4044076539465371,0.39830630370766096,0.22536429132048294,0.37802596442413766,0.26154112239338234,0.46764815166346646,0.5460687542016645,0.3615313280038454,0.0030694935687491953,0.0034468571806668758,0.003013719751816562,0.002581797742302394,0.004275040126670069,0.006904505787669565,0.015267083602168982,0.044787254284595394,0.10663103831053511,0.0031353924279394043,0.016034691392752008,0.014357206838844073,0.21095353803817865,0.31470042545246724,0.1605211055017494,0.004130035345842267,0.1082065853040309,0.04462018285149689,0.42804879763067405,0.46606353996317695,0.35376582050703004,0.006101860336676093,0.38781738598159393,0.20953883194836542,0.46996355874454676,0.48373813440951025,0.46330505478005907,0.011888134068117995,0.4732361328212516,0.4332799748104965
0.43006026277828735,0.5711861723198107,0.5814187370784991,0.007310619754604056,0.4305071407895652,0.4322192761476139,0.4305071407895652,0.24362105970781373,0.4121667866652552,0.22427091093990617,0.469189148736432,0.5491165161411546,0.35032425377943677,0.00285833234758769,0.0033190703494047104,0.0032399265944398057,0.002441268397259672,0.004280959286070397,0.007300443484170011,0.019153063350240033,0.04887312065615241,0.09850154154514466,0.0030687222024222242,0.018211856067574497,0.01598761405872844,0.18236347523611185,0.3311262521808484,0.16432444632217913,0.004139633419385106,0.13160307725051157,0.05156433508324554,0.41483123237028147,0.46781684627763387,0.3718403383585526,0.006181870101263215,0.40501809496823843,0.20476721327395925,0.46407731614106223,0.4824471093698406,0.47907957492874853,0.012312616517170652,0.4742463333268372,0.4206538104360579
0.4223868370416003,0.5525773039797641,0.5615083376103394,0.006099178559103583,0.3922789142605865,0.3952800509332012,0.3922789142605865,0.2234917780055211,0.3852339436831815,0.2504107901687433,0.4619653375430085,0.5366083280641287,0.35387366888668237,0.002865495300421612,0.003237119081891341,0.0029760817371164666,0.0026105075125387174,0.0035138639897348005,0.006100232206871856,0.018210569934255752,0.04044204158701426,0.09899765424398485,0.0031716278239941114,0.013086349419767584,0.013117681601972526,0.17666530343022052,0.29058404758111384,0.14845776780589934,0.004179052136016624,0.08052068460668244,0.041464677413137904,0.4127433218255354,0.44867206176721625,0.37013181575413767,0.0061679619918125535,0.3505618885432401,0.17851687995421706,0.45815200159980396,0.47055086498326015,0.4656093166778342,0.01201771924380315,0.455767286502587,0.40995808179978716
0.4257557892279182,0.560782530957446,0.5803716284497782,0.007294445097800945,0.4345526639949262,0.4452469246471583,0.4345526639949262,0.2495271344558188,0.40806045011098996,0.24526752025699033,0.48053993753428326,0.548017652074838,0.3572013615530404,0.0031672416774520596,0.0039001736406684877,0.0031477612854248285,0.002362013392189658,0.003927386436349113,0.007296126990762255,0.02158615290273984,0.05953258335173881,0.10962458498356979,0.0029257181677102605,0.02093860891038101,0.01890219808341439,0.21490005232757298,0.3532572137369238,0.20120797933012757,0.003915468338424032,0.15492960438338368,0.05354675548269626,0.42015688497458825,0.46652049401245765,0.3725125374609056,0.005867113074615263,0.41578721797901275,0.21346823215883787,0.4621963236801449,0.4783740840547006,0.46687991784830607,0.011585652516928342,0.4679706176289451,0.42023896453692533
0.4406927772044662,0.58239631388076,0.5945911945357015,0.007063876620389341,0.4000235930548937,0.39547572165874484,0.4000235930548937,0.21629576921379126,0.3975314434362274,0.25474694321879165,0.4947848387692883,0.563911503290673,0.3779557795346501,0.0029846759147107763,0.0034999072445343338,0.0033309573055555733,0.0028849086214583182,0.003902032557156701,0.007065631019129296,0.01845115838300954,0.04514232674828788,0.10249608951277768,0.003471200300672907,0.016618691161094816,0.015146783727630488,0.20816237678458085,0.3539281329582881,0.15674559021479778,0.00451080972273678,0.13995716928968638,0.047042356018834275,0.42870833029238786,0.47782844542107383,0.36384945870790786,0.006584242955637011,0.4226174307308527,0.21322199394294528,0.4777476811973451,0.4890826413214365,0.4835190285817905,0.012689775881146687,0.48411594029679755,0.43531332333124095
0.43657847588318277,0.5535322023170797,0.5603466101880936,0.008390968065516743,0.38050419714429534,0.38321906411858064,0.38050419714429534,0.2218315076605215,0.3636844065195941,0.23755841724458066,0.47199655309015165,0.5485651737930741,0.36717027269195857,0.0031566801899574845,0.0038192233589460904,0.0029263089035513946,0.0023067980293753993,0.004291985077735961,0.008391143255822823,0.02147294424412137,0.03926573938771932,0.0797176960925392,0.0028685926046167886,0.018242315395144017,0.02095668775434057,0.1895146854057195,0.35999762505847516,0.12341548339334474,0.003857802763552974,0.12371487152919872,0.05882141056569639,0.44730668065775203,0.48709631638901435,0.32707985007531565,0.005806280438484935,0.40937483604796443,0.2449706450500011,0.48431930612212015,0.4986140936054054,0.46247696328725296,0.011621532248803586,0.48635198934017376,0.44399839961100696
0.4689670360673651,0.6168265659959847,0.6244059924181844,0.009266513224967288,0.40656668180156685,0.40747922672192227,0.40656668180156685,0.23838041158794948,0.39501295107236795,0.2640623602172352,0.5065027633625674,0.5953765746533712,0.3806125825823738,0.0030341563800172504,0.0030687292407947453,0.004206154227084543,0.002574411346402706,0.004640489338842676,0.009261182572425693,0.02838287118945306,0.04886428753488246,0.1105103705679184,0.003223916516471973,0.01906263136716634,0.021479004185701166,0.2527922563962683,0.3829847342616916,0.18498994932676924,0.004366174797399163,0.13577927046872712,0.07501717803677141,0.47787122481370387,0.5158262114062862,0.3845107202580059,0.00664386341964871,0.44105846385732167,0.2940637018962884,0.5157719172115058,0.531939157219765,0.5048201138517099,0.013505970333389341,0.5270189963672155,0.48284182913609
0.4564832802771984,0.5709181238938578,0.5690478888514111,0.00760607556673721,0.43706435222984885,0.4438245875409169,0.43706435222984885,0.2553393144188679,0.4046714556696504,0.2970615123578412,0.4999592834071376,0.5623751780673812,0.3899323249304763,0.002964831554934211,0.003236768234677206,0.002854920369401863,0.002444907158006697,0.004021206512364053,0.00761810820935118,0.013798352474800263,0.03409127518139762,0.07326385105538989,0.0030353165895749584,0.016703838980896564,0.0168117001097079,0.20327506165029072,0.33826467312194464,0.12546865124945517,0.004073403444195489,0.12477774829279438,0.05363811964499246,0.4497973400244345,0.49177686537608134,0.358294612435625,0.00610757494952806,0.4219095222402222,0.2379009865097666,0.4975936469962382,0.5106410687575972,0.48409750531547335,0.012271045808472835,0.5013832455229119,0.4653668291041797
0.38655905963390436,0.5353082331955195,0.5587609332987051,0.005395552323308197,0.42331845197134743,0.4278942036160235,0.42331845197134743,0.2417212357029765,0.39945235656935413,0.23895686695001214,0.411584566980541,0.5059355362113462,0.2884864662186276,0.0027855681795926944,0.0034048593609227085,0.00293501646831438,0.002699259902393305,0.0034081897564054863,0.005396602388796513,0.01140077607332329,0.03399115870971997,0.10679213543921984,0.003239529233897362,0.012287849671118845,0.010672553523041353,0.15906882868197625,0.27567679649414795,0.16309480264758855,0.00417663944221822,0.08768148744713096,0.02942798409125557,0.3537648685688954,0.4104495569845156,0.3384236948611692,0.006058326509809258,0.3404646559235632,0.14370783097410075,0.41764370124572336,0.43295881710935147,0.43783107043142844,0.011771118373300006,0.4236364405713139,0.36012846006840854
0.42839531686584725,0.5564467089923624,0.5649759114173554,0.007741282102810566,0.39803467262886083,0.40153683405944374,0.39803467262886083,0.23649843749352178,0.3823916149262496,0.24142300333319675,0.4629897406410792,0.5425816544300498,0.37891782188332257,0.0031772175994121,0.0033189063417269748,0.0033402049117129853,0.002407263732322218,0.003844963201852071,0.007744751067094107,0.021434191656918945,0.0284611516272149,0.12089014466725453,0.0029557685863422427,0.014832532892617729,0.016807451259802902,0.13055076460148957,0.29408344632923505,0.17741483339247469,0.003923899633816318,0.1018526729166702,0.05364774470265557,0.4305238866493173,0.47647856936060834,0.3457262539833361,0.005841198624740962,0.3915228562774695,0.22264045007574165,0.47831982341776874,0.4945279041764742,0.45717636648490584,0.01162904319138877,0.477515139027239,0.439137590841187
0.4162365245958121,0.5547964271755983,0.5701832240398368,0.007253499168010958,0.40314611760622454,0.40344478250885485,0.40314611760622454,0.21937286419653876,0.391663848592323,0.24598871762174992,0.455321324279881,0.5436502445625389,0.3390225761836361,0.0027002554576825645,0.0037777250343767575,0.0038943655896691784,0.002769107243444303,0.0037493129123201316,0.007259965555538616,0.010990387389475182,0.030090250838099488,0.13837843586843265,0.003340276635610243,0.014488313357360654,0.01569559407596887,0.15601870443854488,0.2700004808286587,0.21103252555643587,0.0043537021281122665,0.09244592759697752,0.049495659116511,0.3940690880910188,0.4463454767255463,0.38368227000616334,0.006349381548281491,0.3610743211074969,0.1957618007356241,0.45087620424725383,0.47209733711546037,0.47220484867393975,0.01222282236461616,0.46003706528917404,0.4058523252221041
0.47550424103015076,0.5889709115353816,0.5926431371953043,0.008050626831156912,0.4202165465351777,0.42510046907374305,0.4202165465351777,0.23617790914505532,0.3964538150822854,0.2967812980497614,0.5240991893835125,0.587834567622779,0.39907639707918163,0.003045711420981078,0.003537591756029671,0.0032122297948983312,0.002628888507116384,0.0039014648408364446,0.008048373196262101,0.020106042334206604,0.057687459838316336,0.0947703475550434,0.0032836709228188017,0.020653564721590443,0.018886576157070737,0.2441927208690342,0.42992681576436764,0.17520256476525736,0.004429546829117382,0.21094254121890077,0.06769357542613434,0.49031151195563233,0.5293717871207533,0.4034020423604143,0.006686761148922897,0.4738561857195889,0.2844446799523141,0.5225492592208536,0.5366858210361114,0.513596359664035,0.013581639211159732,0.5225250086600248,0.4834029930444985
0.45459114394455585,0.5866421386933576,0.5972518527660995,0.00758436696836974,0.4536585190897008,0.454983981331335,0.4536585190897008,0.22200675454892607,0.44119764459754945,0.2433099019739264,0.5009299982647805,0.5823093034535476,0.3944745866578377,0.0027911941600381736,0.0032513577425012045,0.003241279203961344,0.002604233252609374,0.0038800717290863717,0.0075948647618615485,0.012462680313727676,0.030844395472436177,0.1431326745275943,0.003229088339097558,0.016809239155030534,0.016792807739350497,0.21063004050368347,0.3392310735837323,0.2116393462218797,0.004329474621837876,0.1346772793869551,0.05496848453729532,0.4373820612166544,0.4851829178815172,0.40905145806686255,0.006491480433914478,0.4175235240742443,0.23567197780707938,0.4884962248271124,0.503144511237482,0.5049228456200823,0.013101732760228996,0.497284008177431,0.4434855166491915
0.4056231833872648,0.5515163508094897,0.5842811708043688,0.0066204039264640135,0.40138285139133495,0.40994409429757495,0.40138285139133495,0.2525676980050558,0.37069373001429673,0.26595869033370034,0.4374561858890688,0.5284600772517949,0.3286903375336643,0.003194863282282805,0.0032507991885059304,0.0027544263220172,0.002311210728203535,0.0036738059259511908,0.006622819458821552,0.016086571848240017,0.03132116908454919,0.07109627719536782,0.002891698163380634,0.01491971558934977,0.014404383081408935,0.1584424156299178,0.3171740408403371,0.14023751937545015,0.0038803107705337346,0.11472105104837371,0.04584726935897725,0.40650229671250376,0.44904271950230945,0.3348216754721577,0.0057582244463940556,0.37962544184451574,0.20013134930959947,0.44732615600697323,0.4636880327507686,0.44082257553536863,0.011291423001709898,0.44933359392576533,0.39734999357348766
0.44024024859002137,0.5611100150800061,0.5632903459988512,0.006286510295229432,0.39386916755032614,0.40415270440162676,0.39386916755032614,0.26910889349221606,0.36678711423308985,0.22688327919551193,0.4937450223472165,0.5655359453075732,0.3674514623655047,0.003082348883205984,0.0033745381385768642,0.0031418421159664636,0.00249740592288132,0.00322745463967229,0.006286510295229432,0.018848166861884688,0.04814009088666092,0.09798777809581731,0.003095136229216537,0.01254899659012423,0.013237406036005204,0.16068496570867205,0.3344090779115757,0.14917979841320916,0.004118670600076421,0.09851246827661103,0.0403403891543294,0.42236667205067957,0.46964150851376607,0.34587317790671185,0.006133217693535781,0.39676564009588783,0.18744488373572096,0.47958111246263685,0.49278555785776396,0.4756499246916485,0.012177572616218518,0.47548781518940886,0.4277026897377126
0.4392697538853386,0.5818558827187502,0.5998322238906175,0.007184085193485469,0.4277757165468651,0.43364652883039945,0.4277757165468651,0.2573282353121237,0.4039929979781261,0.2765509817172854,0.46659716174198196,0.5482216012098204,0.366659176264739,0.0030441395071064514,0.0037900308835001986,0.0029629040981728628,0.0024921506530249386,0.003851814244687817,0.007186981271144749,0.0192812855289402,0.03599150534962333,0.09392439465671247,0.0030675624853649134,0.017211443896436727,0.015383475350422535,0.1978050968590367,0.3540915859405344,0.15442220408003293,0.00411652024670044,0.14061456517324833,0.0476976162737897,0.4384701730102696,0.48692041192492846,0.36232365516203896,0.006178930275646701,0.4383778964043678,0.2165311380258161,0.4814384022697077,0.4975753006338282,0.47751145961567315,0.012330562959184875,0.4939050571118946,0.44600892174834805
0.4283522473309207,0.5644548485459107,0.5810570100534369,0.006397166119145068,0.4245589984309782,0.4305277811006413,0.4245589984309782,0.24655363205861144,0.4055937316565648,0.23527444988656643,0.4575347244379014,0.5378032082849498,0.34313318849539876,0.0031382668880810547,0.0036963309494085664,0.0028274787588878927,0.00220446007639787,0.0036702091975769073,0.006396007845974369,0.020759751235180035,0.038807613467838946,0.09056856437457929,0.002781917317162702,0.016685661389777548,0.013411095357218336,0.1572674937935034,0.3430224297079738,0.14881921019233774,0.003789198596204808,0.13546400905100697,0.04103374424946567,0.4322445803199869,0.4721144036459702,0.35476829690828054,0.005748613863006378,0.4076326057878813,0.18760551891005484,0.4717821667495839,0.4834594959222265,0.46005258039332164,0.011687347876794346,0.46798002275082135,0.4181880897321091
0.44416507522362947,0.5995575690954456,0.6029998846231118,0.007572257675946875,0.43404802056145647,0.44203513145553175,0.43404802056145647,0.258165225920744,0.41386649916858015,0.26861892104628404,0.5007015998910805,0.585773593076081,0.3604392536961791,0.0030167452460421462,0.003495448061216224,0.0027673699312529263,0.002504208945956648,0.0038978936824330336,0.007571365814777638,0.025056982754777194,0.053147266212023224,0.0751821612019349,0.0031019221285153325,0.015726218692135502,0.016856216693960237,0.2254784357114673,0.3568647532395624,0.14008319021179916,0.004155067241530541,0.12651012089989624,0.05513101822343369,0.4383001398505236,0.4874633071100158,0.3519796730456703,0.006235251840279947,0.41699956400100424,0.2383769676613267,0.4828815240712465,0.4995992101643578,0.4859905892305395,0.012579528994529196,0.4940072540398092,0.4413158362309941
0.4060903271223464,0.5512886029518662,0.5604702221352176,0.0070305784369687,0.4312711475225214,0.4398883136282393,0.4312711475225214,0.2572093163409519,0.4163821027682007,0.24058573459899824,0.4408161663795045,0.5230373286824891,0.3297771745922899,0.0028459607747153633,0.003408830678896973,0.002822505247205387,0.0023284039740876024,0.004247609912803245,0.007023142365995469,0.013685307594429756,0.0424995475503154,0.06743100816562388,0.0028926400589814726,0.017832745064652666,0.014773861979428603,0.15610925859962627,0.29873086812639904,0.1429030150123603,0.003872382378524998,0.13360192039124535,0.0461716058358046,0.38962131583183307,0.44122229167034077,0.3318486244944818,0.0057904818379016475,0.3990583922953333,0.19404620822398963,0.44101497158893366,0.4563559663540683,0.44482189878998496,0.01156052310919537,0.4601415117883071,0.4087903133879519
0.40757785425332904,0.5399749867230059,0.551725929457306,0.006707984359330268,0.3795608225251137,0.37766790812112633,0.3795608225251137,0.21549006302355267,0.35953587606135146,0.22668237207635206,0.43784128838454944,0.5213065267861114,0.3507681741768567,0.0030250630283143146,0.003304195811523684,0.003151553403593736,0.004634301310465848,0.003812805645840919,0.006702826716481451,0.012334938611593006,0.043982545246275706,0.08970278679481783,0.005188271465634594,0.014514316035992667,0.014131534866337236,0.21923456576495318,0.32702852526092285,0.14791566837644285,0.0061477966044737485,0.10903860777042151,0.04615033961284532,0.4082108616075057,0.4487054486780235,0.349884351479909,0.008046816559472082,0.3840121532136317,0.20461366665497355,0.4482530825924941,0.4626319228137356,0.4469202897739817,0.013849157186015731,0.4588856312131213,0.4052238781880705
0.4389975998784428,0.5799441930094715,0.5948756659748855,0.0075227755295614205,0.3988788841230303,0.40156492675954314,0.3988788841230303,0.237053023193385,0.385270963392046,0.24150759001543323,0.483716961924886,0.5600242534977533,0.3580631521954688,0.0029800785345200816,0.00323253624844156,0.0033814575902425792,0.0025769258311393933,0.004041535144510123,0.007534786751203679,0.019222642983953788,0.044475440936411044,0.12263800437617357,0.00319805691624813,0.015574900682991919,0.016879226266399677,0.20398727559593316,0.3279246017948221,0.18400541991800015,0.004283942122333842,0.10362082868362271,0.05311069822988205,0.4358263188422194,0.47664999705945293,0.387342960033456,0.00638319396959538,0.3987389496604113,0.21738340562576067,0.48199159231712163,0.4956494212780544,0.4800709456502983,0.012396655872512794,0.4920363690083832,0.4377485676137402
0.41344495060881664,0.5475842009418779,0.5442366744690996,0.006600441388292317,0.41008114148749425,0.421124052718369,0.41008114148749425,0.26063785012057494,0.37402735048125396,0.24396708197223824,0.44667827237112506,0.5295102679013133,0.33745870270046713,0.0028735443353415245,0.0032101441223530156,0.0028859914706248647,0.0024489246457068173,0.0035458169103155745,0.006602041542541143,0.009520499519266382,0.0389896196266174,0.07313127423233133,0.003019541951551635,0.013378589900595234,0.013712124026537448,0.14538292681434495,0.27737432183071803,0.12556852345580186,0.004009984715797716,0.09410705647725293,0.041235490380673284,0.3963658541447627,0.44839366892167337,0.32464843491776624,0.0059447883885712935,0.3607156400286762,0.17262107289296627,0.4558916899916494,0.47349537206824927,0.4484065198661338,0.011701841080070633,0.4527158234143145,0.4001471766442702
0.41544453326322806,0.5373263046848997,0.54377109692603,0.006756564482717746,0.38899590577302984,0.389965350089344,0.38899590577302984,0.2137028419811804,0.3837399091693667,0.2479006316019129,0.4511027891443576,0.5257813687138879,0.3728973245455629,0.0032367707248891937,0.0031450668583744945,0.0029364306068954955,0.0025303534125949837,0.0035530225657858803,0.0067564980410172,0.01781152218648159,0.034880248039555264,0.08769013013297645,0.003070508677820321,0.014180453479118043,0.014103064855740085,0.18986413342149133,0.3241288333491093,0.14542151139610618,0.004027691142658486,0.1020507506620136,0.044934248434478685,0.41595864384896797,0.44925125596207754,0.3384924409414248,0.005910826217912833,0.3736364629010935,0.19702097725852052,0.45679312760191204,0.46500267086935876,0.4520062618442826,0.01152573488256533,0.4577785753920027,0.4105364211701798
0.4173998385665283,0.5651107125804545,0.581209768357293,0.0076579849456395845,0.3976908630600566,0.4016585135064963,0.3976908630600566,0.22464333975120512,0.3896806063679878,0.25786404005358704,0.45191081339720607,0.5416885898205854,0.3405392508916761,0.0031331074111197346,0.004197088291062892,0.0026789384762280466,0.002688079269087086,0.004505261752635385,0.007658503998479841,0.02150627407548323,0.06042029342552297,0.08229514837599124,0.003250506315969616,0.021807448291843636,0.018305546709270253,0.2093611192551271,0.37007233905841574,0.1495204633456357,0.004248373577283063,0.17560749373288645,0.05699141472013404,0.4210319138123608,0.46623819939351047,0.33888258782024305,0.0062538016570345065,0.4256877678259713,0.2246986087931507,0.45685362077414726,0.4745098765211569,0.45255082151182074,0.012416213296570427,0.47269321457013713,0.41677374402848194
0.40883603262529083,0.5457222281589101,0.5592789428752994,0.0067843557174304,0.4000531640971712,0.4050246568958451,0.4000531640971712,0.23679402041468733,0.3764961123535611,0.22165820968298922,0.45686303710605425,0.5323602186047927,0.3521349665689368,0.0031615493082015997,0.003740938334740143,0.0031543652146066477,0.002758966229114729,0.0035117504995190265,0.0067776951417115195,0.013097770628601013,0.048052085699845155,0.10491232342778871,0.003335813332470677,0.01553605628968911,0.014651420576746862,0.20445245409935167,0.35336046645892666,0.16424490891406351,0.004326248772753019,0.1295182811770389,0.05311784408751639,0.4189118540253942,0.457043018058234,0.347780095687268,0.006265356647737335,0.38348860382746186,0.2103768518512393,0.45186568999030924,0.4659086451123107,0.4506169393965191,0.011950146294143918,0.4478949679863001,0.40409435624912804
0.4033698025831421,0.522183878783335,0.5413198450296652,0.006176786693554374,0.372710879544682,0.3806365946301931,0.372710879544682,0.24443304884432787,0.3471029581032151,0.21351045487445303,0.4232691601182253,0.49896581777856064,0.3162657512298129,0.003417315399274711,0.0035591260316340865,0.003011611429906859,0.0024504405378819247,0.003429415525477038,0.006175127857712022,0.024323487004824104,0.05131421488346528,0.09394680559321214,0.0030145805438707694,0.012869203021861873,0.012829653933629684,0.19073070315924023,0.31880435003517604,0.14383990766139826,0.004012267691418291,0.09881812300435835,0.040511720079693135,0.4084585113775283,0.44720421656917203,0.32088428826349596,0.005970160494684023,0.3736281783497625,0.20148269324969842,0.4452328807099107,0.4591317398753977,0.4350448255595897,0.011578947723059025,0.4433629020614125,0.3989135948449724
0.40574038186183925,0.5424480053258175,0.5615131702862948,0.005642719045421071,0.39540818328011285,0.4028552358058026,0.39540818328011285,0.24519718749334024,0.376361207649468,0.2150148719843334,0.4451643195737205,0.5213705877025683,0.335198548838112,0.003429459877894705,0.0032923986606319803,0.003032087916642964,0.0027375800073847264,0.0030931623791460457,0.005644921127188661,0.011501375839391325,0.0273458249464918,0.08791603920334028,0.0032940864031318863,0.011267368109101568,0.011401906537283827,0.14499268334522608,0.29205424440529804,0.14099498895652737,0.004283376543471969,0.077595840059128,0.03347479519549322,0.39840111438029296,0.44335644650399,0.311570100407799,0.0062897095061617905,0.354952379924643,0.16220928311111746,0.4488237944712746,0.46052042819104755,0.43066031299917,0.012451974748504931,0.4480073679199767,0.3917619236494415
0.43555212029554685,0.592740674301364,0.6064736508634024,0.007621425304328159,0.41790306350614037,0.4239197338669951,0.41790306350614037,0.24008265990404,0.39418468191329153,0.23602533628623149,0.49385941148608375,0.5742667247633101,0.3663962193282094,0.002696600864703652,0.003005714370939697,0.0037584700820443863,0.0029841943685156363,0.004055096859989275,0.007614858245199202,0.01062186645576596,0.02365119145760506,0.14124852736734606,0.0036393665388118456,0.016349948663416315,0.015972451859604178,0.11683725429241054,0.28028200616605686,0.20404455142094924,0.004694319717056825,0.11452449039187713,0.04694587679342163,0.40481196024580607,0.46757396825013997,0.38076690406873537,0.006802262001420305,0.39459911402889714,0.19340727794320772,0.46980478188561964,0.48853347020964766,0.49185761895105923,0.012954165727588543,0.4869455719703349,0.43141251940220376
0.4554641575760976,0.5944763039384957,0.6031257879273626,0.007840092144834474,0.42454734207504047,0.4268468534580533,0.42454734207504047,0.2226804908969141,0.41884552477127585,0.22883779913765043,0.5047608044430341,0.5748952547711147,0.3973422130381668,0.0031846979918738368,0.003889918116975854,0.0029736478385000518,0.0025009292909601247,0.003876532573781927,0.007840513985349427,0.014263068590596993,0.06475252769588992,0.11192195288966492,0.0030930959840782144,0.022054664306749745,0.01940768819391025,0.22800531753772893,0.4171118383061465,0.17769400488625858,0.004121181006655206,0.20581702890471096,0.07009774989853819,0.47318678031097294,0.5074634265776429,0.3829736318062625,0.006162456534917757,0.463655410564511,0.2638736472162622,0.49899142280294206,0.511596602087618,0.48638467938256097,0.012404966896942106,0.505353663772028,0.4602952893146208
0.4195750528041659,0.5690331236300967,0.5874257836848762,0.007100404078573578,0.41629771521330317,0.42491036905034224,0.41629771521330317,0.25427043154019086,0.3897792672481886,0.2770925972277024,0.45711456785105176,0.5436205423263831,0.3441945417931977,0.0027647625883225786,0.003330122597893383,0.003145971100295792,0.002582343702455631,0.004311715623700709,0.007101802381433187,0.01762368728566065,0.03967429640855067,0.07686674911073739,0.0031634448449593235,0.020561777629877764,0.015297266593377755,0.16847926893214737,0.31449736020882396,0.15347900932630149,0.0041810051139801775,0.15708449826949547,0.04929436570022078,0.40772115753680105,0.45567936244495183,0.3561821006492939,0.006161503769085625,0.4162619099230949,0.20415148199208133,0.45645544367618357,0.4740230374714232,0.4587168205864325,0.011998385117700919,0.47231030838970384,0.41518978363495607
0.41811205000927637,0.5605296547424335,0.5791067787949822,0.0068497927291811655,0.4343574562431244,0.4487129696286273,0.4343574562431244,0.2441029960566286,0.41426086248758937,0.24566490232021673,0.4605775587288389,0.5443996711222501,0.3425918297817691,0.003349156092800186,0.003958414740920837,0.0029173860538048804,0.0023082053927513707,0.004141478768238293,0.006851470157112818,0.01257140017999684,0.04418389399554292,0.10021303002678486,0.002840064779406782,0.018246667902660104,0.014616000798845275,0.1924917319819225,0.30940728437110887,0.15549370784710934,0.003788322324063905,0.133012791604519,0.048294180238688575,0.42590059076041764,0.4652988509014467,0.3268470821426907,0.005698725003952618,0.3964307815253304,0.20184794833589778,0.46506758547371285,0.47944819393694327,0.4446603120481953,0.01152636147671453,0.46452851344543633,0.4104290202158603
0.4248840540046479,0.5538128015718304,0.5714587220122477,0.007507529156352984,0.39293497695240476,0.3957506047893355,0.39293497695240476,0.22174950413540062,0.37239894935037227,0.29061025532627593,0.44703529170733236,0.5244605557886959,0.3378249288215003,0.003161285289264046,0.003486343372352223,0.002864918843837145,0.002424525657370015,0.004052876368659052,0.007508466912009875,0.013388266833737188,0.0455508133411387,0.09272915906981706,0.0030309290520804,0.01557042042273266,0.016492408109669027,0.2517125799107924,0.37250495795362426,0.13861355219610905,0.004100304729407274,0.12134470903394427,0.054299082813696005,0.44831021916692226,0.4766911251449013,0.32673812951192405,0.006177717785675797,0.40659184239575685,0.2459259616453216,0.47397402408315176,0.48909298280197916,0.4471771696127036,0.01241227592646034,0.47397849023693744,0.43073238774862393
0.4488771928934645,0.575665278703801,0.5870781775904292,0.007670874519623373,0.4085690250203853,0.41865228034028823,0.4085690250203853,0.236424617239251,0.38541138348253945,0.2590936703282547,0.4999124698025055,0.5698359281170119,0.38293640963419584,0.0033355208268377535,0.003889241086287238,0.002805547883387643,0.002384592995980185,0.004062900370802829,0.007670874519623373,0.03144302508538449,0.07530390601132236,0.07942931829564141,0.0029636852833805063,0.019056568607498686,0.017883183168062818,0.297054203834556,0.4154755329990676,0.13906132816287883,0.004002217116409316,0.1824409867331516,0.06472812963756694,0.4774062189982928,0.5079181527211382,0.36357258519065344,0.006029109201372489,0.44470290319198935,0.2768231107612603,0.4998317257344917,0.5127275461589883,0.474004000765004,0.01195680084967255,0.4916104975298755,0.4540535040975211
0.41909369340515756,0.5586485183851296,0.5729415517033035,0.006932736154066802,0.40256044889404025,0.4071246620427382,0.40256044889404025,0.23616120966638537,0.3803625803276933,0.21762178707118252,0.49062171564914847,0.5535242830614883,0.3372125402558955,0.0030923218309765656,0.0034927105639807835,0.003224069707974144,0.0024454883210187706,0.0039030185614957373,0.006934126985468598,0.02615774280699055,0.06732266488383139,0.10424988944726149,0.0030612890153432055,0.01724841589112809,0.016236147263424042,0.2517880894222264,0.36184627760121285,0.14019324940188993,0.004130972347254682,0.15253307213268133,0.051503118130700305,0.427442341615775,0.4636533705523101,0.34830600237595094,0.006236815683908366,0.40786582872732857,0.22341327549230386,0.46051143273623546,0.4711784315857589,0.45514692532567685,0.012495235702167139,0.4592568708878136,0.41347010657508754
